"sep=;";;;;;;;;;;;;;;;;;;;;;;;;;;;;;;;;;;;;;;;;;;;;;;;
post_name;post_title;post_status;post_content;post_excerpt;post_author;post_parent;post_date;comment_status;ping_status;post_image;ait-items;ait-locations;subtitle;featuredItem;headerImage;headerHeight;address;latitude;longitude;streetview;telephone;telephoneAdditional@number;email;showEmail;contactOwnerBtn;web;webLinkLabel;displayOpeningHours;openingHoursMonday;openingHoursTuesday;openingHoursWednesday;openingHoursThursday;openingHoursFriday;openingHoursSaturday;openingHoursSunday;openingHoursNote;displaySocialIcons;socialIconsOpenInNewWindow;socialIcons@icon;socialIcons@link;displayGallery;gallery@title;gallery@image;displayFeatures;features@icon;features@text;features@desc
";manifest-gallery;";Manifest Gallery;;A short description of the initiative by its initiators will appear here shortly.;;707;;;;;ARA_Default_Banner_Thumb_Image-1;;";cincinnati-oh;";;;;;2727 WOODBURN AVE. PO BOX 6218, CINCINNATI, OH 45206;39.128709;-84.477698;;;;jason@manifestgallery.org;1;1;manifestgallery.org;;1;Coming Soon;;;;;;;;;;;;1;;;;;;
";institute-193;";Institute 193;;A short description of the initiative by its initiators will appear here shortly.;;708;;;;;ARA_Default_Banner_Thumb_Image-1;;";lexington-ky;";;;;;193 NORTH LIMESTONE ST. LEXINGTON, KY 40507;38.048242;-84.494705;;;;cat@institute193.org;1;1;institute193.org;;1;Coming Soon;;;;;;;;;;;;1;;;;;;
";wave-pool-art-space-is-your-space;";Wave Pool Art Space Is Your Space;;A short description of the initiative by its initiators will appear here shortly.;;709;;;;;ARA_Default_Banner_Thumb_Image-1;;";cincinnati-oh;";;;;;2940 COLERAIN AVE. CINCINNATI, OH 45225;39.136055;-84.53671;;;;wavepoolgallery@gmail.com;1;1;wavepoolgallery.org;;1;Coming Soon;;;;;;;;;;;;1;;;;;;
";the-division-avenue-arts-collective;";The Division Avenue Arts Collective;;A short description of the initiative by its initiators will appear here shortly.;;710;;;;;ARA_Default_Banner_Thumb_Image-1;;";grand-rapids-mi;";;;;;IN RELOCATION, GRAND RAPIDS, MI 49503;42.9177478;-85.5465733;;;;;1;1;thedaac.org;;1;Coming Soon;;;;;;;;;;;;1;;;;;;
";the-green-building-gallery;";The Green Building Gallery;;A short description of the initiative by its initiators will appear here shortly.;;711;;;;;ARA_Default_Banner_Thumb_Image-1;;";loisville-ky;";;;;;732 E. MARKET ST. 3RD FLOOR, LOUISVILLE, KY 40202;38.252863;-85.738748;;;;daniel@thegreenbuildinggallery.com;1;1;thegreenbuilding.net;;1;Coming Soon;;;;;;;;;;;;1;;;;;;
";zephyr-gallery;";Zephyr Gallery;;A short description of the initiative by its initiators will appear here shortly.;;712;;;;;ARA_Default_Banner_Thumb_Image-1;;";loisville-ky;";;;;;610 E. MARKET ST. LOUISVILLE, KY 40202;38.253348;-85.741523;;;;;1;1;zephyrgallery.org;;1;Coming Soon;;;;;;;;;;;;1;;;;;;
";general-public-collective;";General Public Collective;;A short description of the initiative by its initiators will appear here shortly.;;713;;;;;ARA_Default_Banner_Thumb_Image-1;;";indianapolis-in;";;;;;1060 VIRGINIA AVE. INDIANAPOLIS, IN 46203;39.7526423;-86.140212;;;;info@general-public.us;1;1;general-public.us;;1;Coming Soon;;;;;;;;;;;;1;;;;;;
";listen-hear;";Listen Hear;;A short description of the initiative by its initiators will appear here shortly.;;714;;;;;ARA_Default_Banner_Thumb_Image-1;;";indianapolis-in;";;;;;3743 COMMERCIAL DR. INDIANAPOLIS, IN 46222;39.8227391;-86.2268842;;;;info@bigcar.org;1;1;bigcar.org;;1;Coming Soon;;;;;;;;;;;;1;;;;;;
";coop;";Coop;;A short description of the initiative by its initiators will appear here shortly.;;715;;;;;ARA_Default_Banner_Thumb_Image-1;;";nashville-tn;";;;;;75 ARCADE, NASHVILLE, TN 37219;36.1645832;-86.7803912;;;;info@coopgallery.org;1;1;coopgallery.org;;1;Coming Soon;;;;;;;;;;;;1;;;;;;
";space-one-eleven;";Space One Eleven;;A short description of the initiative by its initiators will appear here shortly.;;716;;;;;ARA_Default_Banner_Thumb_Image-1;;";birmingham-al;";;;;;2409 2ND AVE. N. BIRMINGHAM, AL 35203;33.5181173;-86.8002981;;;;annearrasmith@spaceoneeleven.org;1;1;spaceoneeleven.org;;1;Coming Soon;;;;;;;;;;;;1;;;;;;
";sidecar;";Sidecar;;A short description of the initiative by its initiators will appear here shortly.;;717;;;;;ARA_Default_Banner_Thumb_Image-1;;";hammond-in;";;;;;411 HUEHN ST. HAMMOND, IN 46327;41.6341439;-87.5167355;;;;sidecargallery@gmail.com;1;1;gallerysidecar.com;;1;Coming Soon;;;;;;;;;;;;1;;;;;;
";hyde-park-art;";Hyde Park Art;;A short description of the initiative by its initiators will appear here shortly.;;718;;;;;ARA_Default_Banner_Thumb_Image-1;;";chicago-il;";;;;;5020 S. CORNELL AVE. CHICAGO, IL 60615;41.8033857;-87.5867722;;;;generalinfo@hydeparkart.org;1;1;hydeparkart.org;;1;Coming Soon;;;;;;;;;;;;1;;;;;;
";4th-ward-project-space;";4Th Ward Project Space;;A short description of the initiative by its initiators will appear here shortly.;;719;;;;;ARA_Default_Banner_Thumb_Image-1;;";chicago-il;";;;;;5338 S. KIMBARK AVE. CHICAGO, IL 60615;41.7982646;-87.5953835;;;;info@4wps.org;1;1;4wps.org;;1;Coming Soon;;;;;;;;;;;;1;;;;;;
";beverly-art-center;";Beverly Art Center;;A short description of the initiative by its initiators will appear here shortly.;;720;;;;;ARA_Default_Banner_Thumb_Image-1;;";chicago-il;";;;;;2407 W. 11TH ST. CHICAGO, IL 60655;41.8693611;-87.6221117;;;;bac@beverlyartcenter.org;1;1;beverlyartcenter.org;;1;Coming Soon;;;;;;;;;;;;1;;;;;;
";south-side-community-art-center;";South Side Community Art Center;;A short description of the initiative by its initiators will appear here shortly.;;721;;;;;ARA_Default_Banner_Thumb_Image-1;;";chicago-il;";;;;;3831 S. MICHIGAN AVE. CHICAGO, IL 60653;41.824602;-87.6227241;;;;info@sscartcenter.org;1;1;southsidecommunityartcenter.com;;1;Coming Soon;;;;;;;;;;;;1;;;;;;
";chicago-art-department;";Chicago Art Department;;A short description of the initiative by its initiators will appear here shortly.;;722;;;;;ARA_Default_Banner_Thumb_Image-1;;";chicago-il;";;;;;1932 S. HALSTEAD #100, CHICAGO, IL 60608;41.9094236;-87.6485889;;;;Mike@chicagoartdepartment.org;1;1;chicagoartdepartment.org;;1;Coming Soon;;;;;;;;;;;;1;;;;;;
";three-walls;";Three Walls;;A short description of the initiative by its initiators will appear here shortly.;;723;;;;;ARA_Default_Banner_Thumb_Image-1;;";chicago-il;";;;;;119 N. PEORIA ST. #2C, CHICAGO, IL 60607;41.8838077;-87.6494284;;;;abigail@three-walls.org;1;1;three-walls.org;;1;Coming Soon;;;;;;;;;;;;1;;;;;;
";co-prosperity;";Co-Prosperity;;A short description of the initiative by its initiators will appear here shortly.;;724;;;;;ARA_Default_Banner_Thumb_Image-1;;";chicago-il;";;;;;3219-21 S. MORGAN ST. CHICAGO, IL 60608;41.835769;-87.6508597;;;;edmarlumpen@gmail.com;1;1;coprosperity.org;;1;Coming Soon;;;;;;;;;;;;1;;;;;;
";woman-made-gallery;";Woman Made Gallery;;A short description of the initiative by its initiators will appear here shortly.;;725;;;;;ARA_Default_Banner_Thumb_Image-1;;";chicago-il;";;;;;685 N. MILWAUKEE AVE. CHICAGO, IL 60642;41.8941342;-87.6519747;;;;gallery@womanmade.org;1;1;womanmade.org;;1;Coming Soon;;;;;;;;;;;;1;;;;;;
";chicago-artists-coalition;";Chicago Artists Coalition;;A short description of the initiative by its initiators will appear here shortly.;;726;;;;;ARA_Default_Banner_Thumb_Image-1;;";chicago-il;";;;;;217 N. CARPENTER ST. CHICAGO, IL 60607;41.8862251;-87.6531985;;;;caroline@chicagoartistscoalition.org;1;1;chicagoartistscoalition.org;;1;Coming Soon;;;;;;;;;;;;1;;;;;;
";uptown-arts-center;";Uptown Arts Center;;A short description of the initiative by its initiators will appear here shortly.;;727;;;;;ARA_Default_Banner_Thumb_Image-1;;";chicago-il;";;;;;941 W. LAWRENCE AVE. CHICAGO, IL 60640;41.9689242;-87.6538873;;;;colette@uptownartscenter.org;1;1;uptownartscenter.wordpress.com;;1;Coming Soon;;;;;;;;;;;;1;;;;;;
";6018-north;";6018 North;;A short description of the initiative by its initiators will appear here shortly.;;728;;;;;ARA_Default_Banner_Thumb_Image-1;;";chicago-il;";;;;;6018 NORTH KENMORE CHICAGO, IL 60660;41.991465;-87.657242;;;;tricia@6018north.org;1;1;6018north.net;;1;Coming Soon;;;;;;;;;;;;1;;;;;;
";acre-residency;";Acre Residency;;A short description of the initiative by its initiators will appear here shortly.;;729;;;;;ARA_Default_Banner_Thumb_Image-1;;";chicago-il;";;;;;1345 W 19th Street, Chicago, IL 60608;41.855814;-87.660629;;;;;1;1;http://www.acreresidency.org/;;1;Coming Soon;;;;;;;;;;;;1;;;;;;
";roman-susan;";Roman Susan;;A short description of the initiative by its initiators will appear here shortly.;;730;;;;;ARA_Default_Banner_Thumb_Image-1;;";chicago-il;";;;;;1224 W. LOYOLA AVE. CHICAGO, IL 60626;42.0015997;-87.6622359;;;;gallery@romansusan.org;1;1;romansusan.org;;1;Coming Soon;;;;;;;;;;;;1;;;;;;
";roots-culture;";Roots Culture;;A short description of the initiative by its initiators will appear here shortly.;;731;;;;;ARA_Default_Banner_Thumb_Image-1;;";chicago-il;";;;;;1034 N. MILWAUKEE AVE. CHICAGO, IL 60622;41.90049;-87.6623199;;;;rootsandc@gmail.com;1;1;rootsandculturecac.org;;1;Coming Soon;;;;;;;;;;;;1;;;;;;
";antena;";Antena;;A short description of the initiative by its initiators will appear here shortly.;;732;;;;;ARA_Default_Banner_Thumb_Image-1;;";chicago-il;";;;;;1755 S. Laflin St., cHICgo, IL 60608;41.8579803;-87.6637656;;;;antenapilsen@gmail.com;1;1;http://www.antenapilsen.com/;;1;Coming Soon;;;;;;;;;;;;1;;;;;;
";defibrilator;";Defibrilator;;A short description of the initiative by its initiators will appear here shortly.;;733;;;;;ARA_Default_Banner_Thumb_Image-1;;";chicago-il;";;;;;1463 W. CHICAGO AVE. CHICAGO, IL 60642;41.8959954;-87.664851;;;;joseph@DFBRL8R.org;1;1;DFBRL8R.org;;1;Coming Soon;;;;;;;;;;;;1;;;;;;
";iceberg;";Iceberg;;A short description of the initiative by its initiators will appear here shortly.;;734;;;;;ARA_Default_Banner_Thumb_Image-1;;";chicago-il;";;;;;7714 N. SHERIDAN RD. CHICAGO, IL 60626;42.021633;-87.6669713;;;;info@icebergchicago.com;1;1;icebergchicago.com;;1;Coming Soon;;;;;;;;;;;;1;;;;;;
";slow-pony-project;";Slow Pony Project;;A short description of the initiative by its initiators will appear here shortly.;;735;;;;;ARA_Default_Banner_Thumb_Image-1;;";chicago-il;";;;;;1745 W. 18TH ST. CHICAGO, IL 60608;41.857467;-87.670387;;;;Lizmmccarthy@gmail.com;1;1;https://www.facebook.com/SlowPonyProject;;1;Coming Soon;;;;;;;;;;;;1;;;;;;
";johalla-porjects;";Johalla Porjects;;A short description of the initiative by its initiators will appear here shortly.;;736;;;;;ARA_Default_Banner_Thumb_Image-1;;";chicago-il;";;;;;1821 W. HUBBARD ST. SUITE 209, CHICAGO, IL 60622;41.889069;-87.672823;;;;info@johallaprojects.com;1;1;johallaprojects.com;;1;Coming Soon;;;;;;;;;;;;1;;;;;;
";experimental-sound-studio;";Experimental Sound Studio;;A short description of the initiative by its initiators will appear here shortly.;;737;;;;;ARA_Default_Banner_Thumb_Image-1;;";chicago-il;";;;;;5925 N. RAVENSWOOD, CHICAGO, IL 60660;41.989154;-87.674242;;;;;1;1;experimentalsoundstudio.org;;1;Coming Soon;;;;;;;;;;;;1;;;;;;
";lvl3;";Lvl3;;A short description of the initiative by its initiators will appear here shortly.;;738;;;;;ARA_Default_Banner_Thumb_Image-1;;";chicago-il;";;;;;1542 N. MILWAUKEE AVE. 3RD FLOOR, CHICAGO, IL 60622;41.9093598;-87.6763937;;;;info@lvl3gallery.com;1;1;lvl3gallery.com;;1;Coming Soon;;;;;;;;;;;;1;;;;;;
";heaven-gallery;";Heaven Gallery;;A short description of the initiative by its initiators will appear here shortly.;;739;;;;;ARA_Default_Banner_Thumb_Image-1;;";chicago-il;";;;;;1550 N. MILWAUKEE AVE. 2ND FLOOR, CHICAGO, IL 60622;41.9095606;-87.6764355;;;;;1;1;heavengallery.com;;1;Coming Soon;;;;;;;;;;;;1;;;;;;
";fernway-gallery;";Fernway Gallery;;A short description of the initiative by its initiators will appear here shortly.;;740;;;;;ARA_Default_Banner_Thumb_Image-1;;";chicago-il;";;;;;916 N. DAMEN AVE. CHICAGO, IL 60622;41.8982808;-87.6772687;;;;fernweygallery@gmail.com;1;1;fernwey.com;;1;Coming Soon;;;;;;;;;;;;1;;;;;;
";arc-gallery;";Arc Gallery;;A short description of the initiative by its initiators will appear here shortly.;;741;;;;;ARA_Default_Banner_Thumb_Image-1;;";chicago-il;";;;;;2156 N. Damaen ave., Chicago;41.9212313;-87.6780034;;;;info@arcgallery.org;1;1;http://arcgallery.org/;;1;Coming Soon;;;;;;;;;;;;1;;;;;;
";slow;";Slow;;A short description of the initiative by its initiators will appear here shortly.;;742;;;;;ARA_Default_Banner_Thumb_Image-1;;";chicago-il;";;;;;2153 W. 21ST ST. CHICAGO, IL 60608;41.8537638;-87.6804344;;;;paul.is.slow@gmail.com;1;1;paul-is-slow.info;;1;Coming Soon;;;;;;;;;;;;1;;;;;;
";evanston-art-center;";Evanston Art Center;;A short description of the initiative by its initiators will appear here shortly.;;743;;;;;ARA_Default_Banner_Thumb_Image-1;;";evanston-il;";;;;;1717 CENTRAL ST. EVANSTON, IL 60201;42.0645006;-87.696861;;;;;1;1;evanstonartcenter.org;;1;Coming Soon;;;;;;;;;;;;1;;;;;;
";sector-2337;";Sector 2337;;A short description of the initiative by its initiators will appear here shortly.;;744;;;;;ARA_Default_Banner_Thumb_Image-1;;";chicago-il;";;;;;2337 N. MILWAUKEE AVE. CHICAGO, IL 60647;41.9239146;-87.6983163;;;;;1;1;sector2337.com;;1;Coming Soon;;;;;;;;;;;;1;;;;;;
";open-cente-for-the-arts;";Open Cente For The Arts;;A short description of the initiative by its initiators will appear here shortly.;;745;;;;;ARA_Default_Banner_Thumb_Image-1;;";chicago-il;";;;;;2214 S. SACRAMENTO AVE. CHICAGO, IL 60623;41.851317;-87.700683;;;;info@opencenterforthearts.org;1;1;opencenterforthearts.org;;1;Coming Soon;;;;;;;;;;;;1;;;;;;
";devening-projects;";Devening Projects;;A short description of the initiative by its initiators will appear here shortly.;;746;;;;;ARA_Default_Banner_Thumb_Image-1;;";chicago-il;";;;;;3039 W. CARROLL AVE. CHICAGO, IL 60612;41.8873743;-87.7032197;;;;dan@deveningprojects.com;1;1;deveningprojects.com;;1;Coming Soon;;;;;;;;;;;;1;;;;;;
";comfort-station;";Comfort Station;;A short description of the initiative by its initiators will appear here shortly.;;747;;;;;ARA_Default_Banner_Thumb_Image-1;;";chicago-il;";;;;;2579 N. MILWAUKEE AVE. CHICAGO, IL 60647;41.9285859;-87.7063257;;;;info@comfortstationlogansquare.org;1;1;comfortstationlogansquare.org;;1;Coming Soon;;;;;;;;;;;;1;;;;;;
";hume;";Hume;;A short description of the initiative by its initiators will appear here shortly.;;748;;;;;ARA_Default_Banner_Thumb_Image-1;;";chicago-il;";;;;;3203 W. NORTH AVE. CHICAGO, IL 60160;41.9174976;-87.7087753;;;;hume.gallery@gmail.com;1;1;humechicago.org;;1;Coming Soon;;;;;;;;;;;;1;;;;;;
";65-grand;";65 Grand;;A short description of the initiative by its initiators will appear here shortly.;;749;;;;;ARA_Default_Banner_Thumb_Image-1;;";chicago-il;";;;;;1369 W. GRAND AVE. CHICAGO, IL 60642;41.9102352;-87.7088957;;;;info@65grand.com;1;1;65grand.com;;1;Coming Soon;;;;;;;;;;;;1;;;;;;
";julius-caesar;";Julius Caesar;;A short description of the initiative by its initiators will appear here shortly.;;750;;;;;ARA_Default_Banner_Thumb_Image-1;;";chicago-il;";;;;;3311 W. CARROLL AVE. CHICAGO, IL 60624;41.887349;-87.7094109;;;;contact.juliuscaesar@gmail.com;1;1;juliuscaesarchicago.net;;1;Coming Soon;;;;;;;;;;;;1;;;;;;
";studio-3325;";Studio 3325;;A short description of the initiative by its initiators will appear here shortly.;;751;;;;;ARA_Default_Banner_Thumb_Image-1;;";chicago-il;";;;;;3325 W. WRIGHTWOOD, CHICAGO, IL 60647;41.9280366;-87.7119117;;;;amayo810@gmail.com;1;1;gracelogansquare.org/details3325;;1;Coming Soon;;;;;;;;;;;;1;;;;;;
";the-franklin;";The Franklin;;A short description of the initiative by its initiators will appear here shortly.;;752;;;;;ARA_Default_Banner_Thumb_Image-1;;";chicago-il;";;;;;3522 W. FRANKLIN BLVD. CHICAGO, IL 60624;41.8905986;-87.7127109;;;;thefranklinoutdoor@gmail.com;1;1;thefranklinoutdoor.tumblr.com;;1;Coming Soon;;;;;;;;;;;;1;;;;;;
";hairpin-arts-center;";Hairpin Arts Center;;A short description of the initiative by its initiators will appear here shortly.;;753;;;;;ARA_Default_Banner_Thumb_Image-1;;";chicago-il;";;;;;2810 N. MILWAUKEE AVE. 2ND FLOOR, CHICAGO, IL 60618;41.9322357;-87.7128677;;;;info@hairpinartscenter.org;1;1;hairpinartscenter.org;;1;Coming Soon;;;;;;;;;;;;1;;;;;;
";corner;";Corner;;A short description of the initiative by its initiators will appear here shortly.;;754;;;;;ARA_Default_Banner_Thumb_Image-1;;";chicago-il;";;;;;2912 N MILWAUKEE AVE. STOREFRONT, CHICAGO, IL 60618;41.9340118;-87.7159791;;;;studiomanager@lynnbasa.com;1;1;cornerchicago.com;;1;Coming Soon;;;;;;;;;;;;1;;;;;;
";rabbit-island;";Rabbit Island;;A short description of the initiative by its initiators will appear here shortly.;;755;;;;;ARA_Default_Banner_Thumb_Image-1;;";lake-superior-il;";;;;;LAKE SUPERIOR, IL;41.507564;-87.739671;;;;residency@rabbitisland.org;1;1;rabbitisland.org;;1;Coming Soon;;;;;;;;;;;;1;;;;;;
";the-suburban;";The Suburban;;A short description of the initiative by its initiators will appear here shortly.;;756;;;;;ARA_Default_Banner_Thumb_Image-1;;";oak-park-il;";;;;;125 N. HARVEY AVE. OAK PARK, IL 60302;41.8884176;-87.7817321;;;;bkmgcar@comcast.net;1;1;thesuburban.org;;1;Coming Soon;;;;;;;;;;;;1;;;;;;
";riverside-center;";Riverside Center;;A short description of the initiative by its initiators will appear here shortly.;;757;;;;;ARA_Default_Banner_Thumb_Image-1;;";riverside-il;";;;;;32 E. QUINCY ST. RIVERSIDE, IL 60546;41.8274076;-87.8180268;;;;rivarts@sbcglobal.net;1;1;riversideartscenter.com;;1;Coming Soon;;;;;;;;;;;;1;;;;;;
";feed-arts;";Feed Arts;;A short description of the initiative by its initiators will appear here shortly.;;758;;;;;ARA_Default_Banner_Thumb_Image-1;;";kankakee-il;";;;;;259 S. SCHUYLER AVE. KANKAKEE, IL 60901;41.118301;-87.8644551;;;;feedartscenter@gmail.com;1;1;feedarts.com;;1;Coming Soon;;;;;;;;;;;;1;;;;;;
";usable-space;";Usable Space;;A short description of the initiative by its initiators will appear here shortly.;;759;;;;;ARA_Default_Banner_Thumb_Image-1;;";milwakee-wi;";;;;;1950 S. HILBERT ST. MILWAUKEE, WI 53207;43.0082921;-87.9059121;;;;keithchristo@yahoo.com;1;1;facebook.com/Usable-Space;;1;Coming Soon;;;;;;;;;;;;1;;;;;;
";greymatter;";Greymatter;;A short description of the initiative by its initiators will appear here shortly.;;760;;;;;ARA_Default_Banner_Thumb_Image-1;;";milwakee-wi;";;;;;207 E. BUFFALO ST. SUITE 222, MILWAUKEE, WI 53202;43.0334411;-87.9086557;;;;info@greymattergallery.com;1;1;greymattergallery.com;;1;Coming Soon;;;;;;;;;;;;1;;;;;;
";art-is-for-lovers;";Art Is For Lovers;;A short description of the initiative by its initiators will appear here shortly.;;761;;;;;ARA_Default_Banner_Thumb_Image-1;;";milwakee-wi;";;;;;2228 N. MARTIN LUTHER KING, JR. DR. MILWAUKEE, WI 53212;43.0598221;-87.9141424;;;;trais4lovers@gmail.com;1;1;fb.com/pages/Art-Is-For-Lovers-Gallery/128935897158390?sk=timeline&;;1;Coming Soon;;;;;;;;;;;;1;;;;;;
";comb-gallery;";Comb Gallery;;A short description of the initiative by its initiators will appear here shortly.;;762;;;;;ARA_Default_Banner_Thumb_Image-1;;";milwakee-wi;";;;;;832 S. 5TH ST. MILWAUKEE, WI 53204;43.022453;-87.916431;;;;combmke@gmail.com;1;1;facebook.com/COMBMKE;;1;Coming Soon;;;;;;;;;;;;1;;;;;;
";the-pitch-project;";The Pitch Project;;A short description of the initiative by its initiators will appear here shortly.;;763;;;;;ARA_Default_Banner_Thumb_Image-1;;";milwakee-wi;";;;;;706 S. 5TH ST. MILWAUKEE, WI 53204;43.0239727;-87.9166639;;;;info@thepitchproject.org;1;1;thepitchproject.org;;1;Coming Soon;;;;;;;;;;;;1;;;;;;
";walkers-point-center-for-the-arts;";Walkers Point Center For The Arts;;A short description of the initiative by its initiators will appear here shortly.;;764;;;;;ARA_Default_Banner_Thumb_Image-1;;";milwakee-wi;";;;;;839 S. 5TH ST. MILWAUKEE, WI 53204;43.022308;-87.917256;;;;;1;1;wpca-milwaukee.org;;1;Coming Soon;;;;;;;;;;;;1;;;;;;
";people-made-visible;";People Made Visible;;A short description of the initiative by its initiators will appear here shortly.;;765;;;;;ARA_Default_Banner_Thumb_Image-1;;";chicago-il;";;;;;108 SHERMAN ST. W. CHICAGO, IL 60185;41.88219;-88.212512;;;;info@peoplemadevisible.com;1;1;peoplemadevisible.com;;1;Coming Soon;;;;;;;;;;;;1;;;;;;
";the-coleman-center-for-arts-and-culture-cca;";The Coleman Center For Arts And Culture Cca;;A short description of the initiative by its initiators will appear here shortly.;;766;;;;;ARA_Default_Banner_Thumb_Image-1;;";york-al;";;;;;630 AVENUE A, YORK, AL 36925;32.4846634;-88.2953427;;;;colemancenter@gmail.com;1;1;colemanarts.org;;1;Coming Soon;;;;;;;;;;;;1;;;;;;
";a-i-r-studio;";A.I.R. Studio;;A short description of the initiative by its initiators will appear here shortly.;;767;;;;;ARA_Default_Banner_Thumb_Image-1;;";paduchah-ky;";;;;;621 MADISON ST. PADUCAH,KY 42001;37.0885569;-88.6034326;;;;alonzodavis@yahoo.com;1;1;airstudiopaducah.blogspot.com;;1;Coming Soon;;;;;;;;;;;;1;;;;;;
";the-poor-farm;";The Poor Farm;;A short description of the initiative by its initiators will appear here shortly.;;768;;;;;ARA_Default_Banner_Thumb_Image-1;;";manawa-wi;";;;;;E6325 COUNTY HIGHWAY BB, MANAWA, WI 54949;44.4224174;-88.9092224;;;;killam@poorfarmexperiment.org;1;1;poorfarmexperiment.org;;1;Coming Soon;;;;;;;;;;;;1;;;;;;
";demo-project;";Demo Project;;A short description of the initiative by its initiators will appear here shortly.;;769;;;;;ARA_Default_Banner_Thumb_Image-1;;";springfield-il;";;;;;732 N. 4TH ST. SPRINGFIELD, IL 62702;39.8099648;-89.6505192;;;;demoprojectspace@gmail.com;1;1;demoprojectspace.com;;1;Coming Soon;;;;;;;;;;;;1;;;;;;
";landpartie;";Landpartie;;A short description of the initiative by its initiators will appear here shortly.;;770;;;;;ARA_Default_Banner_Thumb_Image-1;;";kreuzlingen;";;;;;Bodanstrasse 7a, 8280 Kreuzlingen;47.6512835;9.1752669;;;;muellersbuero@gmx.ch;1;1;http://www.landpartie.ch/;;1;Coming Soon;;;;;;;;;;;;1;;;;;;
";careof;";Careof;;A short description of the initiative by its initiators will appear here shortly.;;771;;;;;ARA_Default_Banner_Thumb_Image-1;;";milano;";;;;;Via Procaccini 4 20154 Milano;45.4840705;9.1754551;;;;careof@careof.org;1;1;https://www.careof.org/;;1;Coming Soon;;;;;;;;;;;;1;;;;;;
";die-schachtel;";Die Schachtel;;A short description of the initiative by its initiators will appear here shortly.;;772;;;;;ARA_Default_Banner_Thumb_Image-1;;";milano;";;;;;Via Petrella 9 20124 Milano;45.4829598;9.2112252;;;;info@die-schachtel.com;1;1;http://www.dieschachtel.com/;;1;Coming Soon;;;;;;;;;;;;1;;;;;;
";mars;";Mars;;A short description of the initiative by its initiators will appear here shortly.;;773;;;;;ARA_Default_Banner_Thumb_Image-1;;";milano;";;;;;Via Guido Guinizelli 6 20127 Milano ;45.4894291;9.219282;;;;mars.mailto@gmail.com;1;1;http://www.marsmilano.com/;;1;Coming Soon;;;;;;;;;;;;1;;;;;;
";nextex;";Nextex;;A short description of the initiative by its initiators will appear here shortly.;;774;;;;;ARA_Default_Banner_Thumb_Image-1;;";st-gellen;";;;;;Frongartenstrasse 9, 9000 St. Gallen;47.4224852;9.3737356;;;;office@visarteost.ch;1;1;http://www.nextex.ch/;;1;Coming Soon;;;;;;;;;;;;1;;;;;;
";neinundaber;";Neinundaber;;A short description of the initiative by its initiators will appear here shortly.;;775;;;;;ARA_Default_Banner_Thumb_Image-1;;";st-gellen;";;;;;Lammlisbrunnestrasse 41/2 , 9000 St. Gallen Switzerland;47.4254388;9.3816311;;;;briefkasten@neinundaber.ch;1;1;http://www.neinundaber.ch/;;1;Coming Soon;;;;;;;;;;;;1;;;;;;
";tokonoma;";Tokonoma;;A short description of the initiative by its initiators will appear here shortly.;;776;;;;;ARA_Default_Banner_Thumb_Image-1;;";kassel;";;;;;Frankfurterstr. 58, 34121 Kassel;51.30701;9.48688;;;;INFO@SUPERTOKONOMA.DE;1;1;http://www.supertokonoma.de/;;1;Coming Soon;;;;;;;;;;;;1;;;;;;
";zorten;";Zorten.;;A short description of the initiative by its initiators will appear here shortly.;;777;;;;;ARA_Default_Banner_Thumb_Image-1;;";vaz-obervaz;";;;;;Z(orten), Voa Stretscha 2, 7082 Vaz/Obervaz;46.7014521;9.5455381;;;;zorten@gmx.ch;1;1;http://www.zorten.ch/;;1;Coming Soon;;;;;;;;;;;;1;;;;;;
";jan-christensen;";Jan Christensen;;A short description of the initiative by its initiators will appear here shortly.;;778;;;;;ARA_Default_Banner_Thumb_Image-1;;";skien;";;;;;;59.1521797;9.7026678;;;;leif_m_tangen@yahoo.no;1;1;http://janchristensen.org/;;1;Coming Soon;;;;;;;;;;;;1;;;;;;
";friseur-institut;";Friseur Institut;;A short description of the initiative by its initiators will appear here shortly.;;779;;;;;ARA_Default_Banner_Thumb_Image-1;;";hamburg;";;;;;Arnoldstrasse 26-30, 22765 Hamburg;53.5494516;9.9282722;;;;info@frise.de;1;1;http://www.frise.de/cms/3-1-News.html;;1;Coming Soon;;;;;;;;;;;;1;;;;;;
";skam;";Skam;;A short description of the initiative by its initiators will appear here shortly.;;780;;;;;ARA_Default_Banner_Thumb_Image-1;;";hamburg;";;;;;Eimsbütteler Marktplatz 36, 20257 Hamburg;53.57298;9.94353;;;;info@skam.org;1;1;http://www.skam.org/skam_db/index.php;;1;Coming Soon;;;;;;;;;;;;1;;;;;;
";chezlinda;";Chezlinda;;A short description of the initiative by its initiators will appear here shortly.;;781;;;;;ARA_Default_Banner_Thumb_Image-1;;";hamburg;";;;;;Seilerstraße 36, 20359 Hamburg St. Pauli ;53.5505397;9.9642576;;;;ausstellen@chezlinda.de;1;1;http://www.chezlinda.de/;;1;Coming Soon;;;;;;;;;;;;1;;;;;;
";hinterconti;";Hinterconti;;A short description of the initiative by its initiators will appear here shortly.;;782;;;;;ARA_Default_Banner_Thumb_Image-1;;";hamburg;";;;;;Marketstrasse 40, 20357 Hamburg;53.5582169;9.9702982;;;;INFO@HINTERCONTI.DE;1;1;http://www.hinterconti.de/blog/;;1;Coming Soon;;;;;;;;;;;;1;;;;;;
";kunst-imbiss;";Kunst Imbiss;;A short description of the initiative by its initiators will appear here shortly.;;783;;;;;ARA_Default_Banner_Thumb_Image-1;;";hamburg;";;;;;Hamburg, Germany;53.5510846;9.9936818;;;;unterwegs@kunst-imbiss.de;1;1;http://www.kunst-imbiss.de/;;1;Coming Soon;;;;;;;;;;;;1;;;;;;
";wormfarm-institute;";Wormfarm Institute;;A short description of the initiative by its initiators will appear here shortly.;;784;;;;;ARA_Default_Banner_Thumb_Image-1;;";reedsburg-wi;";;;;;E7904 BRIAR BLUFF RD. REEDSBURG, WI 53959;43.5324921;-90.0105159;;;;wormfarm@jvlnet.com;1;1;wormfarminstitute.org/artist-residencies;;1;Coming Soon;;;;;;;;;;;;1;;;;;;
";l9-center-for-the-arts;";L9 Center For The Arts;;A short description of the initiative by its initiators will appear here shortly.;;785;;;;;ARA_Default_Banner_Thumb_Image-1;;";new-orleans-la;";;;;;539 CAFFIN AVE. NEW ORLEANS, LA 70117;29.9559618;-90.0172524;;;;info@l9artcenter.org;1;1;Website l9artcenter.blogspot.com;;1;Coming Soon;;;;;;;;;;;;1;;;;;;
";the-front;";The Front;;A short description of the initiative by its initiators will appear here shortly.;;786;;;;;ARA_Default_Banner_Thumb_Image-1;;";new-orleans-la;";;;;;4100 ST. CLAUDE AVE. NEW ORLEANS, LA 70117;29.9652029;-90.0344067;;;;nolafront@gmail.com;1;1;nolafront.org;;1;Coming Soon;;;;;;;;;;;;1;;;;;;
";may-gallery-residency;";May Gallery Residency;;A short description of the initiative by its initiators will appear here shortly.;;787;;;;;ARA_Default_Banner_Thumb_Image-1;;";new-orleans-la;";;;;;2839 N. ROBERTSON ST. NEW ORLEANS, LA 70117;29.9726146;-90.0468894;;;;gallery@mayneworleans.org;1;1;may-neworleans.org;;1;Coming Soon;;;;;;;;;;;;1;;;;;;
";tops-gallery;";Tops Gallery;;A short description of the initiative by its initiators will appear here shortly.;;788;;;;;ARA_Default_Banner_Thumb_Image-1;;";memphis-tn;";;;;;400 S. FRONT ST. MEMPHIS, TN 38103;35.136111;-90.059217;;;;info@topsgallery.com;1;1;topsgallery.com;;1;Coming Soon;;;;;;;;;;;;1;;;;;;
";zeitgeist-multi-disciplinary-arts-center;";Zeitgeist Multi-Disciplinary Arts Center;;A short description of the initiative by its initiators will appear here shortly.;;789;;;;;ARA_Default_Banner_Thumb_Image-1;;";new-orleans-la;";;;;;1618 ORETHA CASTLE HALEY BLVD. NEW ORLEANS, LA 70113;29.9399;-90.0798299;;;;rene@zeitgeistinc.net;1;1;zeitgeistinc.net;;1;Coming Soon;;;;;;;;;;;;1;;;;;;
";art-salon-ten-gallery;";Art Salon Ten Gallery;;A short description of the initiative by its initiators will appear here shortly.;;790;;;;;ARA_Default_Banner_Thumb_Image-1;;";new-orleans-la;";;;;;4432 MAGAZINE ST. NEW ORLEANS, LA 70115;29.920407;-90.103509;;;;jrineha1@uno.edu;1;1;tengallerynola.com;;1;Coming Soon;;;;;;;;;;;;1;;;;;;
";free-paarking;";Free Paarking;;A short description of the initiative by its initiators will appear here shortly.;;791;;;;;ARA_Default_Banner_Thumb_Image-1;;";st-louis-mo;";;;;;2901 SIDNEY ST. ST. LOUIS, MO 63130;38.630296;-90.191431;;;;deo.deiparine@gmail.com;1;1;freepaarking.com;;1;Coming Soon;;;;;;;;;;;;1;;;;;;
";museum-blue;";Museum Blue;;A short description of the initiative by its initiators will appear here shortly.;;792;;;;;ARA_Default_Banner_Thumb_Image-1;;";st-louis-mo;";;;;;750 N. 16TH ST. #414, ST. LOUIS, MO 63103;38.6336082;-90.2004359;;;;museumblue@gmail.com;1;1;museumblue.com;;1;Coming Soon;;;;;;;;;;;;1;;;;;;
";lemp-neighborhood-arts-center;";Lemp Neighborhood Arts Center;;A short description of the initiative by its initiators will appear here shortly.;;793;;;;;ARA_Default_Banner_Thumb_Image-1;;";st-louis-mo;";;;;;3301 LEMP AVE. ST. LOUIS, MO 63118;38.5941125;-90.2185256;;;;sarich_m@hotmail.com;1;1;lemp-arts.org;;1;Coming Soon;;;;;;;;;;;;1;;;;;;
";the-luminary;";The Luminary;;A short description of the initiative by its initiators will appear here shortly.;;794;;;;;ARA_Default_Banner_Thumb_Image-1;;";st-louis-mo;";;;;;2701 CHEROKEE ST. ST. LOUIS, MO 63118;38.5938114;-90.2278723;;;;info@theluminaryarts.com;1;1;theluminaryarts.com;;1;Coming Soon;;;;;;;;;;;;1;;;;;;
";duet;";Duet;;A short description of the initiative by its initiators will appear here shortly.;;795;;;;;ARA_Default_Banner_Thumb_Image-1;;";st-louis-mo;";;;;;3526 WASHINGTON AVE. SUITE 300, ST. LOUIS, MO 63103;38.6383094;-90.2306499;;;;danielmcgrath@duetstl.com;1;1;duetstl.com;;1;Coming Soon;;;;;;;;;;;;1;;;;;;
";the-millitzer;";The Millitzer;;A short description of the initiative by its initiators will appear here shortly.;;796;;;;;ARA_Default_Banner_Thumb_Image-1;;";st-louis-mo;";;;;;3103 PESTALOZZI ST. ST. LOUIS, MO 63118;38.6033605;-90.2328461;;;;;1;1;millitzer.com;;1;Coming Soon;;;;;;;;;;;;1;;;;;;
";fort-gondo-compound-for-the-arts;";Fort Gondo Compound For The Arts;;A short description of the initiative by its initiators will appear here shortly.;;797;;;;;ARA_Default_Banner_Thumb_Image-1;;";st-louis-mo;";;;;;3151 CHEROKEE ST. ST. LOUIS, MO 63118;38.5948359;-90.2364344;;;;info@fortgondo.com;1;1;fortgondo.com;;1;Coming Soon;;;;;;;;;;;;1;;;;;;
";white-flag-projects;";White Flag Projects;;A short description of the initiative by its initiators will appear here shortly.;;798;;;;;ARA_Default_Banner_Thumb_Image-1;;";st-louis-mo;";;;;;4568 MANCHESTER AVE. ST. LOUIS, MO 63110;38.6257411;-90.2638505;;;;info@whiteflagprojects.org;1;1;whiteflagprojects.org;;1;Coming Soon;;;;;;;;;;;;1;;;;;;
";paul-art-space;";Paul Art Space;;A short description of the initiative by its initiators will appear here shortly.;;799;;;;;ARA_Default_Banner_Thumb_Image-1;;";st-louis-mo;";;;;;PO BOX 2703, ST. LOUIS, MO 63116;38.5844866;-90.266699;;;;info@paulartspace.org;1;1;paulartspace.org;;1;Coming Soon;;;;;;;;;;;;1;;;;;;
";studio-230;";Studio 230;;A short description of the initiative by its initiators will appear here shortly.;;800;;;;;ARA_Default_Banner_Thumb_Image-1;;";cleveland-ms;";;;;;110 B S. COURT ST. CLEVELAND, MS 38732;33.7443212;-90.723086;;;;chetinoguz@gmail.com;1;1;studio230ms.com;;1;Coming Soon;;;;;;;;;;;;1;;;;;;
";public-space-one;";Public Space One;;A short description of the initiative by its initiators will appear here shortly.;;801;;;;;ARA_Default_Banner_Thumb_Image-1;;";iowa-city-ia;";;;;;120 N. DUBUQUE ST. (LOWER LEVEL OF WESLEY CENTER), IOWA CITY, IA 52245;41.663171;-91.532723;;;;gallery@publicspaceone.com;1;1;publicspaceone.com;;1;Coming Soon;;;;;;;;;;;;1;;;;;;
";legion-arts;";Legion Arts;;A short description of the initiative by its initiators will appear here shortly.;;802;;;;;ARA_Default_Banner_Thumb_Image-1;;";ceder-rapids-ia;";;;;;1103 THIRD ST. SE CEDAR RAPIDS, IA 52401;41.9707341;-91.6590841;;;;info@legionarts.org;1;1;legionarts.org;;1;Coming Soon;;;;;;;;;;;;1;;;;;;
";good-weather-gallery;";Good Weather Gallery;;A short description of the initiative by its initiators will appear here shortly.;;803;;;;;ARA_Default_Banner_Thumb_Image-1;;";little-rock-ar;";;;;;4400 EDGEMERE ST. LITTLE ROCK, AR 72116;34.794537;-92.249699;;;;desk@goodweathergallery.com;1;1;goodweathergallery.com;;1;Coming Soon;;;;;;;;;;;;1;;;;;;
";grin-city-collective;";Grin City Collective;;;;804;;;;;;;";grinnell-ia;";;;;;3633 HWY 146, GRINNELL, IA 50112;41.7710126;-92.7272869;;;;info@grincitycollective.org;;;grincitycollective.org;;;;;;;;;;;;;;;;;;;;;
";the-bindery-projects;";The Bindery Projects;;;;805;;;;;;;";saint-paul-mn;";;;;;708 VANDALIA AVE. 4TH FLOOR, SAINT PAUL, MN 55114;44.9628061;-93.1888545;;;;thebinderyprojects@gmail.com;;;thebinderyprojects.com;;;;;;;;;;;;;;;;;;;;;
";the-white-page;";The White Page;;;;806;;;;;;;";minneapolis-mn;";;;;;3400 CEDAR AVE. MINNEAPOLIS, MN 55407;44.9411847;-93.2476145;;;;thewhitepagecollective@gmail.com;;;the-white-page.com;;;;;;;;;;;;;;;;;;;;;
";altered-esthetics;";Altered Esthetics;;;;807;;;;;;;";minneapolis-mn;";;;;;224 QUINCY ST. NE, MINNEAPOLIS, MN 55413;44.973543;-93.247947;;;;;;;alteredesthetics.com;;;;;;;;;;;;;;;;;;;;;
";the-soap-factory;";The Soap Factory;;;;808;;;;;;;";minneapolis-mn;";;;;;514 2ND ST. SE, MINNEAPOLIS, MN 55458;44.983106;-93.249716;;;;info@soapfactory.org;;;soapfactory.org;;;;;;;;;;;;;;;;;;;;;
";midway-contemporary-art;";Midway Contemporary Art;;;;809;;;;;;;";minneapolis-mn;";;;;;527 SECOND AVE. SE, MINNEAPOLIS, MN 55414;44.989123;-93.25181;;;;info@midwayart.org;;;midwayart.org;;;;;;;;;;;;;;;;;;;;;
";franklin-art-works;";Franklin Art Works;;;;810;;;;;;;";minneapolis-mn;";;;;;1021 E. FRANKLIN AVE. MINNEAPOLIS, MN 55404;44.9624489;-93.2587818;;;;tim@franklinartworks.org;;;franklinfresh.tumblr.com;;;;;;;;;;;;;;;;;;;;;
";the-third-place-gallery;";The Third Place Gallery;;;;811;;;;;;;";minneapolis-mn;";;;;;3730 CHICAGO AVE. S. MINNEAPOLIS, MN 55407;44.9347694;-93.2627729;;;;info@wingyounghuie.com;;;wingyounghuie.com;;;;;;;;;;;;;;;;;;;;;
";waiting-room;";Waiting Room;;;;812;;;;;;;";minneapolis-mn;";;;;;1629 HENNEPIN AVE. SUITE 300F, MINNEAPOLIS, MN 55403;44.9719114;-93.2869467;;;;info@waitingroomart.org;;;waitingroomart.org;;;;;;;;;;;;;;;;;;;;;
";intermedia-arts;";Intermedia Arts;;;;813;;;;;;;";minneapolis-mn;";;;;;2822 LYNDALE AVE. S. MINNEAPOLIS, MN 55408;44.9510976;-93.2883074;;;;info@IntermediaArts.org;;;intermediaarts.org;;;;;;;;;;;;;;;;;;;;;
";soo-visual-arts-center;";Soo Visual Arts Center;;;;814;;;;;;;";minneapolis-mn;";;;;;2638 LYNDALE AVE. S. MINNEAPOLIS, MN 55408;44.949645;-93.2904401;;;;info@soovac.org;;;soovac.org;;;;;;;;;;;;;;;;;;;;;
";homewood-studios;";Homewood Studios;;;;815;;;;;;;";minneapolis-mn;";;;;;2400 PLYMOUTH AVE. N. MINNEAPOLIS, MN 55411;44.9917394;-93.3109704;;;;george@homewoodstudios.com;;;homewoodstudios.com;;;;;;;;;;;;;;;;;;;;;
";the-de-monies-social-club;";The De Monies Social Club;;;;816;;;;;;;";de-moines-ia;";;;;;900 MULBERRY ST. DES MOINES, IA 50309;41.5838828;-93.6282212;;;;info@desmoinessocialclub.org;;;desmoinessocialclub.org;;;;;;;;;;;;;;;;;;;;;
";the-howns-den;";The Howns Den;;;;817;;;;;;;";kansas-city-mo;";;;;;5624 LYDIA AVE. KANSAS CITY, MO 64110;39.024354;-94.5695817;;;;crystal@thehownsden.com;;;thehownsden.com;;;;;;;;;;;;;;;;;;;;;
";garcia-squared;";Garcia Squared;;;;818;;;;;;;";kansas-city-mo;";;;;;115 W. 18TH ST. KANSAS CITY, MO 64110;39.091624;-94.585353;;;;info@garciasquared.com;;;garciasquared.com;;;;;;;;;;;;;;;;;;;;;
";kansas-city-artists-coalition;";Kansas City Artists Coalition;;;;819;;;;;;;";kansas-city-mo;";;;;;201 WYANDOTTE ST. KANSAS CITY, MO 64105;39.110079;-94.58572;;;;kcacnews@kansascityartistscoalition.org;;;kansascityartistscoalition.org;;;;;;;;;;;;;;;;;;;;;
";charlotte-street-foundation;";Charlotte Street Foundation;;;;820;;;;;;;";kansas-city-mo;";;;;;1000 W. 25TH ST. KANSAS CITY, MO 64108;39.0836532;-94.5966863;;;;Julie@charlottestreet.org;;;charlottestreet.org;;;;;;;;;;;;;;;;;;;;;
";1522-saint-louis;";1522 Saint Louis;;;;821;;;;;;;";kansas-city-mo;";;;;;1522 SAINT LOUIS, KANSAS CITY, MO 64101;39.1029947;-94.603421;;;;1522saintlouis@gmail.com;;;1522saintlouis.com;;;;;;;;;;;;;;;;;;;;;
";plug-projects;";Plug Projects;;;;822;;;;;;;";kansas-city-mo;";;;;;1613 GENESSEE ST. KANSAS CITY, MO 64102;39.0940569;-94.6046972;;;;info@plugprojects.com;;;plugprojects.com;;;;;;;;;;;;;;;;;;;;;
";fokl;";Fokl;;;;823;;;;;;;";kansas-city-ks;";;;;;556 CENTRAL AVE. KANSAS CITY, KS 66101;39.102908;-94.6244663;;;;foklcenter@gmail.com;;;foklcenter.com;;;;;;;;;;;;;;;;;;;;;
";wonder-fair;";Wonder Fair;;;;824;;;;;;;";lawrence-ks;";;;;;803 1/2 MASSACHUSETTS ST. LAWRENCE, KS;38.9678755;-95.2362473;;;;meredith@wonderfair.com;;;wonderfair.com;;;;;;;;;;;;;;;;;;;;;
";box-13-artspace;";Box 13 Artspace;;;;825;;;;;;;";houston-tx;";;;;;6700 HARRISBURG BLVD. HOUSTON, TX 77011;29.737189;-95.3081908;;;;info@box13artspace.com;;;box13artspace.com;;;;;;;;;;;;;;;;;;;;;
";galleryhomeland;";Galleryhomeland;;;;826;;;;;;;";houston-tx;";;;;;2327 1/2 COMMERCE ST. HOUSTON, TX 77002;29.7580332;-95.3506636;;;;paul@galleryhomeland.org;;;galleryhomeland.org/wordpress;;;;;;;;;;;;;;;;;;;;;
";suplex;";Suplex;;;;827;;;;;;;";houston-tx;";;;;;2619 ARBOR ST. HOUSTON, TX 77004;29.7225046;-95.3709086;;;;maxcfields@gmail.com;;;splx.org;;;;;;;;;;;;;;;;;;;;;
";alabama-song;";Alabama Song;;;;828;;;;;;;";houston-tx;";;;;;2521 OAKDALE DR. HOUSTON, TX 77004;29.7193;-95.373754;;;;;;;alabamasonghouston.com;;;;;;;;;;;;;;;;;;;;;
";diverseworks;";Diverseworks;;;;829;;;;;;;";houston-tx;";;;;;4102 FANNIN ST. SUITE 200, HOUSTON, TX 77004;29.7402797;-95.3788409;;;;info@diverseworks.org;;;diverseworks.org;;;;;;;;;;;;;;;;;;;;;
";lawndale-art-center;";Lawndale Art Center;;;;830;;;;;;;";houston-tx;";;;;;4912 MAIN ST. HOUSTON, TX 77002;29.729935;-95.386672;;;;askus@lawndaleartcenter.org;;;lawndaleartcenter.org;;;;;;;;;;;;;;;;;;;;;
";bemis-center-for-the-arts;";Bemis Center For The Arts;;;;831;;;;;;;";omaha-ne;";;;;;724 S. 12TH ST. OMAHA, NE 68102;41.2526186;-95.9323026;;;;info@bemiscenter.org;;;bemiscenter.org;;;;;;;;;;;;;;;;;;;;;
";living-arts-of-tulsa;";Living Arts Of Tulsa;;;;832;;;;;;;";tulsa-ok;";;;;;308 S. KENOSHA AVE. TULSA, OK 74120;36.1598038;-95.9897066;;;;steve@livingarts.org;;;livingarts.org;;;;;;;;;;;;;;;;;;;;;
";exposure-gallery-and-studios;";Exposure Gallery And Studios;;;;833;;;;;;;";sioux-falls-sd;";;;;;401 N. PHILIPS AVE. SIOUX FALLS, SD 57104;43.551406;-96.727216;;;;ZacharyMDeBoer@gmail.com;;;fb.com/ExposureSiouxFalls;;;;;;;;;;;;;;;;;;;;;
";the-retreat-at-pointers-edge;";The Retreat At Pointers Edge;;;;834;;;;;;;";baltic-sd;";;;;;47303 BIG SIOUX RD. BALTIC, SD 57003;43.719085;-96.750677;;;;pointersridge@gmail.com;;;pointersridge.org;;;;;;;;;;;;;;;;;;;;;
";centraltrak;";Centraltrak;;;;835;;;;;;;";dallas-tx;";;;;;800 EXPOSITION AVE. DALLAS, TX 75226;32.7830181;-96.7686064;;;;centraltrak@utdallas.edu;;;centraltrak.com;;;;;;;;;;;;;;;;;;;;;
";500x;";500X;;;;836;;;;;;;";dallas-tx;";;;;;500 EXPOSITION AVE. DALLAS, TX 75226;32.7836504;-96.7709406;;;;gallery500x@yahoo.com;;;500x.org;;;;;;;;;;;;;;;;;;;;;
";la-maison-de-artistes;";La Maison De Artistes;;;;837;;;;;;;";winnipeg;";;;;;219 PROVENCHER BOULVARD ST.BONIFACE , MONITOBA CANADA R2H O64 ;49.8929295;-97.120735;;;;info@maisondesartistes.mb.ca;;;http://maisondesartistes.mb.ca/;;;;;;;;;;;;;;;;;;;;;
";manitoba-printmakers;";Manitoba Printmakers;;;;838;;;;;;;";winnipeg;";;;;;11 Martha Street Winnipeg Manitoba Canada R3B 1A2;49.9003218;-97.1352239;;;;printmakers@mymts.net;;;http://www.printmakers.mb.ca/;;;;;;;;;;;;;;;;;;;;;
";mawa;";Mawa;;;;839;;;;;;;";winnipeg;";;;;;611 Main Street Winnipeg Manitoba Canada R3B 1E1;49.9020514;-97.135955;;;;programs@mawa.ca;;;https://mawa.ca/;;;;;;;;;;;;;;;;;;;;;
";ace-art-inc;";Ace Art Inc.;;;;840;;;;;;;";winnipeg;";;;;;2nd Floor, 290 McDermot Avenue, Winnipeg;49.8973137;-97.1374522;;;;gallery@aceart.org;;;http://www.aceart.org/;;;;;;;;;;;;;;;;;;;;;
";platform-gallery;";Platform Gallery;;;;841;;;;;;;";winnipeg;";;;;;121-100 Arthur Street Winnipeg MONTOBA CANADA R3B 1H3 ;49.8980272;-97.1408817;;;;info@platformgallery.org;;;http://platformgallery.org/;;;;;;;;;;;;;;;;;;;;;
";urban-shaman;";Urban Shaman;;;;842;;;;;;;";winnipeg;";;;;;203-290 McDermot Avenue Winnipeg , MB R3B OT2 CANADA;49.8975095;-97.1423471;;;;info@urbanshaman.org;;;http://urbanshaman.org/;;;;;;;;;;;;;;;;;;;;;
";the-salina-art-center;";The Salina Art Center;;;;843;;;;;;;";salina-ks;";;;;;242 SOUTH SANTA FE AVE. PO BOX 743, SALINA, KS 67402;38.8366832;-97.6093348;;;;info@salinaartcenter.org;;;salinaartcenter.org;;;;;;;;;;;;;;;;;;;;;
";mass-gallery;";Mass Gallery;;;;844;;;;;;;";austin-tx;";;;;;507 CALLES ST. SUITE 108, AUSTIN, TX 78702;30.2584046;-97.7119302;;;;info@massgallery.org;;;massgallery.org;;;;;;;;;;;;;;;;;;;;;
";austin-museum-of-digital-art;";Austin Museum Of Digital Art;;;;845;;;;;;;";austin-tx;";;;;;PO BOX 1563, AUSTIN, TX 78767;30.27;-97.74;;;;info@amoda.org;;;amoda.org;;;;;;;;;;;;;;;;;;;;;
";women-their-work;";Women Their Work;;;;846;;;;;;;";austin-tx;";;;;;1710 LAVACA ST. AUSTIN, TX 78701;30.2798747;-97.7413862;;;;info@womenandtheirwork.org;;;womenandtheirwork.org;;;;;;;;;;;;;;;;;;;;;
";co-lab-project-space;";Co-Lab Project Space;;;;847;;;;;;;";austin-tx;";;;;;613 ALLEN ST. AUSTIN, TX 78702;30.269697;-97.741952;;;;info@co-labprojects.org;;;colabspace.org;;;;;;;;;;;;;;;;;;;;;
";art-farm;";Art Farm;;;;848;;;;;;;";marquette-ne;";;;;;1306 W. 21ST RD. MARQUETTE, NE 68854;40.988848;-98.049492;;;;af@artfarmnebraska.org;;;artfarmnebraska.org;;;;;;;;;;;;;;;;;;;;;
";alice-austen-house;";Alice Austen House;;;;849;;;;;;;";staten-island-ny;";;;;;2 HYLAN BLVD. STATEN ISLAND, NY 10305;40.6151351;-74.0630179;;;;info@aliceausten.org;;;aliceausten.org;;;;;;;;;;;;;;;;;;;;;
